<?xml version="1.0" encoding="UTF-8"?>

<!-- 
 * PopulateDatabase.xml
 *
 * Copyright (C) 2019 Universidad de Sevilla
 * 
 * The use of this project is hereby constrained to the conditions of the 
 * TDG Licence, a copy of which you may download from 
 * http://www.tdg-seville.info/License.html
 -->

<beans xmlns="http://www.springframework.org/schema/beans"
	xmlns:xsi="http://www.w3.org/2001/XMLSchema-instance" xmlns:util="http://www.springframework.org/schema/util"
	xsi:schemaLocation="
	http://www.springframework.org/schema/util http://www.springframework.org/schema/util/spring-util-3.0.xsd
		http://www.springframework.org/schema/beans http://www.springframework.org/schema/beans/spring-beans.xsd
	">
	
	<!-- User accounts -->

	<bean id="userAdmin1" class="security.UserAccount">
		<property name="username" value="admin" />
		<property name="password" value="21232f297a57a5a743894a0e4a801fc3" />
		<property name="authorities">
			<list>
				<bean class="security.Authority">
					<property name="authority" value="ADMIN" />
				</bean>
			</list>
		</property>
	</bean>

	<!-- actors -->

	<bean id="administrator1" class="domain.Administrator">
		<property name="name" value="Antonio" />
		<property name="surname" value="Banderas" />
		<property name="photo"
			value="https://www.malagahoy.es/2017/12/22/ocio/Antonio-Banderas-manana-Ayuntamiento-Malaga_1202290380_78709800_667x375.jpg" />
		<property name="email" value="josgamred@" />
		<property name="phoneNumber" value="+34611987654" />
		<property name="address" value="C/ Atlántica, 1 (Málaga)" />
		<property name="userAccount" ref="userAdmin1" />
	</bean>

	<!-- SYSTEM CONFIGURATION -->

	<bean id="sysConf" class="domain.SystemConfiguration">
		<property name="systemName" value="Acme BillBoards" />
		<property name="welcomeMessage">
			<util:map id="utilmap0" map-class="java.util.HashMap"
				key-type="java.lang.String" value-type="java.lang.String">
				<entry key="SP"
					value="“¡Bienvenidos a Acme Adverts! Es hora de llegar más allá de los carteles" />
				<entry key="EN"
					value="Welcome to Acme Adverts! It's time to reach beyond the billboards!" />
			</util:map>
		</property>
		<property name="banner" value="https://i.ibb.co/ZxXQz58/Untitled.png" />
		<property name="countryCode" value="+034" />
		<property name="timeResultsCached" value="1" />
		<property name="maxResults" value="10" />
		<property name="makers" value="VISA,MASTER,DINNERS,AMEX" />
	</bean>
	<!-- Other domain beans come here -->	
	
</beans>