﻿<?xml version="1.0" encoding="UTF-8"?>

<!-- * PopulateDatabase.xml * * Copyright (C) 2019 Universidad de Sevilla 
	* * The use of this project is hereby constrained to the conditions of the 
	* TDG Licence, a copy of which you may download from * http://www.tdg-seville.info/License.html -->

<beans xmlns="http://www.springframework.org/schema/beans"
	xmlns:xsi="http://www.w3.org/2001/XMLSchema-instance" xmlns:util="http://www.springframework.org/schema/util"
	xsi:schemaLocation="
	http://www.springframework.org/schema/util http://www.springframework.org/schema/util/spring-util-3.0.xsd
		http://www.springframework.org/schema/beans http://www.springframework.org/schema/beans/spring-beans.xsd
	">
	<!-- User accounts -->

	<bean id="userAccount1" class="security.UserAccount">
		<property name="username" value="admin" />
		<property name="password" value="21232f297a57a5a743894a0e4a801fc3" />
		<property name="authorities">
			<list>
				<bean class="security.Authority">
					<property name="authority" value="ADMIN" />
				</bean>
			</list>
		</property>
	</bean>
	<bean id="userAccount2" class="security.UserAccount">
		<property name="username" value="admin1" />
		<property name="password" value="e00cf25ad42683b3df678c61f42c6bda" />
		<property name="authorities">
			<list>
				<bean class="security.Authority">
					<property name="authority" value="ADMIN" />
				</bean>
			</list>
		</property>
	</bean>

	<bean id="userAccount3" class="security.UserAccount">
		<property name="username" value="customer1" />
		<property name="password" value="ffbc4675f864e0e9aab8bdf7a0437010" />
		<property name="authorities">
			<list>
				<bean class="security.Authority">
					<property name="authority" value="CUSTOMER" />
				</bean>
			</list>
		</property>
	</bean>

	<bean id="userAccount4" class="security.UserAccount">
		<property name="username" value="customer2" />
		<property name="password" value="5ce4d191fd14ac85a1469fb8c29b7a7b" />
		<property name="authorities">
			<list>
				<bean class="security.Authority">
					<property name="authority" value="CUSTOMER" />
				</bean>
			</list>
		</property>
	</bean>
	<bean id="userAccount5" class="security.UserAccount">
		<property name="username" value="manager1" />
		<property name="password" value="c240642ddef994358c96da82c0361a58" />
		<property name="authorities">
			<list>
				<bean class="security.Authority">
					<property name="authority" value="MANAGER" />
				</bean>
			</list>
		</property>
	</bean>
	<bean id="userAccount6" class="security.UserAccount">
		<property name="username" value="manager2" />
		<property name="password" value="8df5127cd164b5bc2d2b78410a7eea0c" />
		<property name="authorities">
			<list>
				<bean class="security.Authority">
					<property name="authority" value="MANAGER" />
				</bean>
			</list>
		</property>
	</bean>
	<!-- Other domain beans come here -->
	<!-- ADMINISTRATOR -->

	<bean id="administrator1" class="domain.Administrator">
		<property name="name" value="Antonio" />
		<property name="surname" value="Banderas" />
		<property name="photo"
			value="https://www.malagahoy.es/2017/12/22/ocio/Antonio-Banderas-manana-Ayuntamiento-Malaga_1202290380_78709800_667x375.jpg" />
		<property name="email" value="josgamred@" />
		<property name="phoneNumber" value="+34611987654" />
		<property name="address" value="C/ Atlántica, 1 (Málaga)" />
		<property name="userAccount" ref="userAccount1" />
	</bean>

	<bean id="administrator2" class="domain.Administrator">
		<property name="name" value="Antonio" />
		<property name="surname" value="Resiner" />
		<property name="photo"
			value="http://es.web.img3.acsta.net/r_1280_720/pictures/15/03/24/09/51/124386.jpg" />
		<property name="email" value="anres@" />
		<property name="phoneNumber" value="+34611587654" />
		<property name="address" value="C/ Atlántic city , 2 (Málaga)" />
		<property name="userAccount" ref="userAccount2" />
	</bean>

	<bean id="manager1" class="domain.Manager">
		<property name="name" value="Antonio" />
		<property name="surname" value="Torre" />
		<property name="photo"
			value="https://upload.wikimedia.org/wikipedia/commons/thumb/8/85/Antonio_de_la_Torre_en_los_Premios_Goya_2017_cr2.jpg/265px-Antonio_de_la_Torre_en_los_Premios_Goya_2017_cr2.jpg" />
		<property name="email" value="antor@antor.com" />
		<property name="phoneNumber" value="+34611687654" />
		<property name="address" value="C/ Atar , 3 (Málaga)" />
		<property name="userAccount" ref="userAccount5" />
	</bean>

	<bean id="manager2" class="domain.Manager">
		<property name="name" value="Antonio" />
		<property name="surname" value="Orozco" />
		<property name="photo"
			value="https://www.lecturas.com/medio/2017/09/21/antonio-orozco_647862d6_800x490.jpg" />
		<property name="email" value="anoro@anoro.com" />
		<property name="phoneNumber" value="+34611787654" />
		<property name="address" value="C/ Atranca , 4 (Málaga)" />
		<property name="userAccount" ref="userAccount6" />
	</bean>

	<bean id="customer1" class="domain.Customer">
		<property name="name" value="Antonio" />
		<property name="surname" value="Carmona" />
		<property name="email" value="ancar@ancar.com" />
			<property name="photo"
				value="https://ep01.epimg.net/elpais/imagenes/2018/01/24/gente/1516786992_958284_1516788998_noticia_normal.jpg" />
						<property name="vat" value="XX00000001" />
				
			<property name="phoneNumber" value="+34611987254" />
			<property name="address" value="C/ Atlalanta , 5 (Málaga)" />
			<property name="userAccount" ref="userAccount3" />
			<property name="creditCard" ref="creditCard1" />

	</bean>

	<bean id="customer2" class="domain.Customer">
		<property name="name" value="Antonio" />
		<property name="surname" value="Flores" />
		<property name="photo"
			value="https://i.avoz.es/default/2018/05/30/00121527696546907258717/Foto/antonioflores.jpg" />
		<property name="email" value="anflo@anflo.com" />
		<property name="vat" value="XX00000002" />
		<property name="phoneNumber" value="+34611987854" />
		<property name="address" value="C/ Alcala, 6 (Málaga)" />
		<property name="userAccount" ref="userAccount4" />
		<property name="creditCard" ref="creditCard2" />

	</bean>
	<!-- CREDIT CARD -->

	<bean id="creditCard1" class="domain.CreditCard">
		<property name="holder" value="José Gamiz Redondo" />
		<property name="make" value="VISA" />
		<property name="number" value="4764042457713154" />
		<property name="expirationMonth" value="02" />
		<property name="expirationYear" value="22" />
		<property name="CVV" value="177" />
	</bean>

	<bean id="creditCard2" class="domain.CreditCard">
		<property name="holder" value="Carlos Albalat Heredia" />
		<property name="make" value="MASTERCARD" />
		<property name="number" value="4544963188930071" />
		<property name="expirationMonth" value="11" />
		<property name="expirationYear" value="20" />
		<property name="CVV" value="366" />
	</bean>
	<!-- PACKAGES -->
	<bean id="package1" class="domain.Package">
		<property name="ticker" value="YF54TF-89654" />
		<property name="title" value="This is my best billboard" />
		<property name="description" value="A billboard 3x4 m" />
		<property name="startDate" value="08/10/2019 10:00" />
		<property name="endDate" value="08/10/2020 10:00" />
		<property name="photo" value="https://tinyurl.com/acme-billboards" />
		<property name="price" value="600.0" />
		<property name="finalMode" value="true" />
		<property name="manager" ref="manager1" />
	</bean>

	<bean id="package2" class="domain.Package">
		<property name="ticker" value="YF54TF-79654" />
		<property name="title" value="This is my second best billboard" />
		<property name="description" value="A billboard 3x4 m" />
		<property name="startDate" value="08/11/2019 10:00" />
		<property name="endDate" value="08/12/2019 10:00" />
		<property name="photo" value="https://tinyurl.com/acme-billboards" />
		<property name="price" value="650.0" />
		<property name="finalMode" value="true" />
		<property name="manager" ref="manager1" />
	</bean>

	<bean id="package3" class="domain.Package">
		<property name="ticker" value="YF54TF-69654" />
		<property name="title" value="This is my  worst billboard" />
		<property name="description" value="A billboard 3x4 m" />
		<property name="startDate" value="08/01/2020 10:00" />
		<property name="endDate" value="08/10/2020 10:00" />
		<property name="photo" value="https://tinyurl.com/acme-billboards" />
		<property name="price" value="660.0" />
		<property name="finalMode" value="false" />
		<property name="manager" ref="manager1" />
	</bean>

	<bean id="package4" class="domain.Package">
		<property name="ticker" value="YF54TF-59654" />
		<property name="title" value="This is my best billboard" />
		<property name="description" value="A billboard 3x4 m" />
		<property name="startDate" value="08/08/2020 10:00" />
		<property name="endDate" value="08/10/2020 10:00" />
		<property name="photo" value="https://tinyurl.com/acme-billboards" />
		<property name="price" value="670.0" />
		<property name="finalMode" value="true" />
		<property name="manager" ref="manager2" />
	</bean>

	<bean id="package5" class="domain.Package">
		<property name="ticker" value="YF54TF-49654" />
		<property name="title" value="This is my second best billboard" />
		<property name="description" value="A billboard 3x4 m" />
		<property name="startDate" value="08/10/2019 10:00" />
		<property name="endDate" value="08/10/2020 10:00" />
		<property name="photo" value="https://tinyurl.com/acme-billboards" />
		<property name="price" value="680.0" />
		<property name="finalMode" value="false" />
		<property name="manager" ref="manager2" />
	</bean>
	
	<bean id="package6" class="domain.Package">
		<property name="ticker" value="YF99TF-49654" />
		<property name="title" value="This is my worst billboard" />
		<property name="description" value="A billboard 3x4 m" />
		<property name="startDate" value="08/010/2019 10:00" />
		<property name="endDate" value="08/10/2020 10:00" />
		<property name="photo" value="https://tinyurl.com/acme-billboards" />
		<property name="price" value="500.0" />
		<property name="finalMode" value="false" />
		<property name="manager" ref="manager1" />
	</bean>

	<!-- REQUEST -->

	<bean id="request1" class="domain.Request">
		<property name="status" value="REJECTED" />
		<property name="commentsCustomer" value="I want put a new imagen" />
		<property name="customer" ref="customer1" />
		<property name="pack" ref="package2" />

	</bean>

	<bean id="request2" class="domain.Request">
		<property name="status" value="APPROVED" />
		<property name="commentsCustomer" value="I want put a new image" />
		<property name="commentsManager" value="Ok" />
		<property name="customer" ref="customer1" />
		<property name="pack" ref="package1" />

	</bean>
	<bean id="request3" class="domain.Request">
		<property name="status" value="APPROVED" />
		<property name="commentsCustomer" value="I want put a old image" />
		<property name="commentsManager" value="Ok" />
		<property name="customer" ref="customer2" />
		<property name="pack" ref="package2" />

	</bean>
	<bean id="request4" class="domain.Request">
		<property name="status" value="REJECTED" />
		<property name="commentsCustomer" value="I want put some images" />
		<property name="customer" ref="customer2" />
		<property name="pack" ref="package1" />

	</bean>
	<bean id="request5" class="domain.Request">
		<property name="status" value="PENDING" />
		<property name="commentsCustomer" value="I want put some images" />
		<property name="customer" ref="customer1" />
		<property name="pack" ref="package4" />

	</bean>
	<bean id="request6" class="domain.Request">
		<property name="status" value="PENDING" />
		<property name="commentsCustomer" value="I want put a world premier" />
		<property name="customer" ref="customer2" />
		<property name="pack" ref="package4" />

	</bean>
	<!-- CONTRACTS -->

	<bean id="contract1" class="domain.Contract">
		<property name="text" value="Text predefined" />
		<property name="request" ref="request2" />
	</bean>

	<bean id="contract2" class="domain.Contract">
		<property name="signedCustomer" value="01/07/2019 20:48" />
		<property name="signedManager" value="01/07/2019 19:48" />
		<property name="text" value="Text predefined" />
		<property name="hash" value="5f71a4931538f5747141d0d2f5949355" />
		<property name="request" ref="request3" />
	</bean>
	
	<!-- BILLBOARD FILES -->

	<bean id="billboardFile1" class="domain.BillboardFile">
		<property name="fileType" value="BILLBOARD" />
		<property name="location" value="In the right" />
		<property name="image" value="https://i.ibb.co/kGgVz69/Untitled.png" />
		<property name="contract" ref="contract2" />
	</bean>
	
	<bean id="billboardFile2" class="domain.BillboardFile">
		<property name="fileType" value="BILLBOARD" />
		<property name="location" value="In the right right" />
		<property name="image" value="https://i.ibb.co/kGgVz69/Untitled.png" />
		<property name="contract" ref="contract1" />
	</bean>

	<!-- INFO FILES -->

	<bean id="infoFile1" class="domain.InfoFile">
		<property name="fileType" value="INFO" />
		<property name="title" value="Info file 1 title" />
		<property name="text" value="Info file 1 very very very very long text" />
		<property name="contract" ref="contract2" />
	</bean>

	<bean id="infoFile2" class="domain.InfoFile">
		<property name="fileType" value="INFO" />
		<property name="title" value="Info file 2 title" />
		<property name="text" value="Info file 2 very very very very long text" />
		<property name="contract" ref="contract2" />
	</bean>
	
	<bean id="infoFile3" class="domain.InfoFile">
		<property name="fileType" value="INFO" />
		<property name="title" value="Info file 3 title" />
		<property name="text" value="Info file 3 very very very very long text" />
		<property name="contract" ref="contract1" />
	</bean>
	
	<!-- SOCIALNETWORK FILES -->

	<bean id="socialNetworkFile1" class="domain.SocialNetworkFile">
		<property name="fileType" value="SOCIALNETWORK" />
		<property name="banner" value="https://i-cdn.phonearena.com/images/article/104992-two_lead/Twitter-details-its-new-API-breaks-certain-features-of-third-party-Twitter-apps.jpg" />
		<property name="target" value="https://www.twitter.com" />
		<property name="contract" ref="contract2" />
	</bean>

	<bean id="socialNetworkFile2" class="domain.SocialNetworkFile">
		<property name="fileType" value="SOCIALNETWORK" />
		<property name="banner" value="https://www.trecebits.com/wp-content/uploads/2013/06/facebook.jpg" />
		<property name="target" value="https://www.facebook.com" />
		<property name="contract" ref="contract2" />
	</bean>
	
	<bean id="socialNetworkFile3" class="domain.SocialNetworkFile">
		<property name="fileType" value="SOCIALNETWORK" />
		<property name="banner" value="https://parque-corredor.com/web/wp-content/uploads/2015/10/logo-cinesa.jpg" />
		<property name="target" value="https://www.cinesa.com" />
		<property name="contract" ref="contract1" />
	</bean>
	
	<!-- RADIO FILES -->

	<bean id="radioFile1" class="domain.RadioFile">
		<property name="fileType" value="RADIO" />
		<property name="broadcasterName" value="Ni lo sé, ni me importa" />
		<property name="schedule" value="De lunes a viernes a las 8:00 am" />
		<property name="sound" value="https://www.fakeurlsound.com" />
		<property name="contract" ref="contract2" />
	</bean>

	<bean id="radioFile2" class="domain.RadioFile">
		<property name="fileType" value="RADIO" />
		<property name="broadcasterName" value="Ni siquiera sé el nombre de la emisora" />
		<property name="schedule" value="Todos los días a las 20:30" />
		<property name="sound" value="https://www.fakeurlsound.com" />
		<property name="contract" ref="contract2" />
	</bean>
	
	<bean id="radioFile3" class="domain.RadioFile">
		<property name="fileType" value="RADIO" />
		<property name="broadcasterName" value="Pato Donalds" />
		<property name="schedule" value="Todos los días a las 1:00 am" />
		<property name="sound" value="https://www.fakeurlsound.com" />
		<property name="contract" ref="contract1" />
	</bean>
	
	<bean id="radioFile4" class="domain.RadioFile">
		<property name="fileType" value="RADIO" />
		<property name="broadcasterName" value="COPE" />
		<property name="schedule" value="Todos los días a las 1:00 am" />
		<property name="sound" value="https://www.fakeurlsound.com" />
		<property name="contract" ref="contract1" />
	</bean>
	
	<!-- TV FILES -->

	<bean id="TVFile1" class="domain.TVFile">
		<property name="fileType" value="TV" />
		<property name="broadcasterName" value="Y a quién le importa?" />
		<property name="schedule" value="S y D 10:10" />
		<property name="video" value="https://www.fakeurlvideo.com" />
		<property name="contract" ref="contract2" />
	</bean>

	<bean id="TVFile2" class="domain.TVFile">
		<property name="fileType" value="TV" />
		<property name="broadcasterName" value="Ni siquiera sé el nombre de la cadena" />
		<property name="schedule" value="L-V a las 14:25" />
		<property name="video" value="https://www.fakeurlvideo.com" />
		<property name="contract" ref="contract2" />
	</bean>
	
	<bean id="TVFile3" class="domain.TVFile">
		<property name="fileType" value="TV" />
		<property name="broadcasterName" value="DMAX" />
		<property name="schedule" value="L-D todo el día" />
		<property name="video" value="https://www.fakeurlvideo.com" />
		<property name="contract" ref="contract1" />
	</bean>

	<!-- FINDER -->

	<bean id="finder1" class="domain.Finder">
		<property name="customer" ref="customer1" />
	</bean>

	<bean id="finder2" class="domain.Finder">
		<property name="customer" ref="customer2" />
		<property name="maxPrice" value="640.0" />
		<property name="cacheUpdate" value="08/07/2019 10:00" />
	</bean>

	<!-- SYSTEM CONFIGURATION -->

	<bean id="sysConf" class="domain.SystemConfiguration">
		<property name="systemName" value="Acme BillBoards" />
		<property name="welcomeMessage">
			<util:map id="utilmap0" map-class="java.util.HashMap"
				key-type="java.lang.String" value-type="java.lang.String">
				<entry key="SP"
					value="“¡Bienvenidos a Acme Adverts! Es hora de llegar más allá de los carteles" />
				<entry key="EN"
					value="Welcome to Acme Adverts! It's time to reach beyond the billboards!" />
			</util:map>
		</property>
		<property name="banner" value="https://i.ibb.co/ZxXQz58/Untitled.png" />
		<property name="countryCode" value="+034" />
		<property name="timeResultsCached" value="1" />
		<property name="maxResults" value="10" />
		<property name="makers" value="VISA,MASTER,DINNERS,AMEX" />
	</bean>

</beans>