<?xml version="1.0" encoding="UTF-8"?>

<!-- * converters.xml * * Copyright (C) 2019 Universidad de Sevilla * * The 
	use of this project is hereby constrained to the conditions of the * TDG 
	Licence, a copy of which you may download from * http://www.tdg-seville.info/License.html -->

<beans xmlns="http://www.springframework.org/schema/beans"
	xmlns:xsi="http://www.w3.org/2001/XMLSchema-instance" xmlns:util="http://www.springframework.org/schema/util"
	xsi:schemaLocation="
		http://www.springframework.org/schema/beans http://www.springframework.org/schema/beans/spring-beans-4.0.xsd		
		http://www.springframework.org/schema/util http://www.springframework.org/schema/util/spring-util-4.0.xsd		
	">

	<util:list id="converters">
		<!-- Add your own converters using entries of the following form: <bean 
			class="converters.Class1ToClass2" /> -->
		<bean class="converters.ActorToStringConverter" />
		<bean class="converters.StringToActorConverter" />
		<bean class="converters.AdministratorToStringConverter" />
		<bean class="converters.StringToAdministratorConverter" />
		<bean class="converters.CreditCardToStringConverter" />
		<bean class="converters.StringToCreditCardConverter" />
		<bean class="converters.ContractToStringConverter" />
		<bean class="converters.StringToContractConverter" />
		<bean class="converters.CustomerToStringConverter" />
		<bean class="converters.StringToCustomerConverter" />
		
		<bean class="converters.BillboardFileToStringConverter" />
		<bean class="converters.StringToBillboardFileConverter" />
		<bean class="converters.InfoFileToStringConverter" />
		<bean class="converters.StringToInfoFileConverter" />
		<bean class="converters.RadioFileToStringConverter" />
		<bean class="converters.StringToRadioFileConverter" />
		<bean class="converters.SocialNetworkFileToStringConverter" />
		<bean class="converters.StringToSocialNetworkFileConverter" />
		<bean class="converters.TVFileToStringConverter" />
		<bean class="converters.StringToTVFileConverter" />
		<bean class="converters.FileToStringConverter" />
		<bean class="converters.StringToFileConverter" />
		
		<bean class="converters.FinderToStringConverter" />
		<bean class="converters.StringToFinderConverter" />
		<bean class="converters.ManagerToStringConverter" />
		<bean class="converters.StringToManagerConverter" />
		<bean class="converters.PackageToStringConverter" />
		<bean class="converters.StringToPackageConverter" />
		<bean class="converters.RequestToStringConverter" />
		<bean class="converters.StringToRequestConverter" />

	</util:list>

</beans>